gade,postnr,kommune,antal,beholder,tur,fremsætter,lås,type,sæk,adresse,latitude,longitude
A.L. Passagen 1,6000,Kolding,1,"240 l. beh, restaffald","Tur 20, mandag, ugentlig, mad/rest - LILLEBIL",False,False,240,False,"A.L. Passagen 1, 6000 Kolding, danmark",55.4898332,9.4758924
A.L. Passagen 1,6000,Kolding,1,"770 l. con, restaffald","Tur 20, mandag, ugentlig, mad/rest - LILLEBIL",False,False,770,False,"A.L. Passagen 1, 6000 Kolding, danmark",55.4898332,9.4758924
A.L. Passagen 1,6000,Kolding,1,"400 l. con, madaffald","Tur 20, mandag, ugentlig, mad/rest - LILLEBIL",False,False,400,False,"A.L. Passagen 1, 6000 Kolding, danmark",55.4898332,9.4758924
A.L. Passagen 1,6000,Kolding,1,"770 l. con, restaffald","Tur 20, mandag, ugentlig, mad/rest - LILLEBIL",False,False,770,False,"A.L. Passagen 1, 6000 Kolding, danmark",55.4898332,9.4758924
Akseltorv 5,6000,Kolding,1,"660 l. con, restaffald","Tur 20, mandag, ugentlig, mad/rest - LILLEBIL",False,False,660,False,"Akseltorv 5, 6000 Kolding, danmark",55.4907632,9.473909
Akseltorv 5,6000,Kolding,1,"240 l. beh, madaffald","Tur 20, mandag, ugentlig, mad/rest - LILLEBIL",False,False,240,False,"Akseltorv 5, 6000 Kolding, danmark",55.4907632,9.473909
Akseltorv 5,6000,Kolding,1,"400 l. con, madaffald","Tur 20, mandag, ugentlig, mad/rest - LILLEBIL",False,False,400,False,"Akseltorv 5, 6000 Kolding, danmark",55.4907632,9.473909
Akseltorv 5,6000,Kolding,1,"660 l. con, restaffald","Tur 20, mandag, ugentlig, mad/rest - LILLEBIL",False,False,660,False,"Akseltorv 5, 6000 Kolding, danmark",55.4907632,9.473909
Akseltorv 5,6000,Kolding,1,"660 l. con, restaffald","Tur 20, mandag, ugentlig, mad/rest - LILLEBIL",False,False,660,False,"Akseltorv 5, 6000 Kolding, danmark",55.4907632,9.473909
Akseltorv 5,6000,Kolding,1,"660 l. con, restaffald","Tur 20, mandag, ugentlig, mad/rest - LILLEBIL",False,False,660,False,"Akseltorv 5, 6000 Kolding, danmark",55.4907632,9.473909
Akseltorv 5,6000,Kolding,1,"660 l. con, restaffald","Tur 20, mandag, ugentlig, mad/rest - LILLEBIL",False,False,660,False,"Akseltorv 5, 6000 Kolding, danmark",55.4907632,9.473909
Borchs gård 7,6000,Kolding,1,240 l Mr. Fill mad - intillegent,"Tur 20, mandag, ugentlig, mad/rest - LILLEBIL",False,False,240,False,"Borchs gård 7, 6000 Kolding, danmark",55.4894763,9.4726688
Borchs gård 7,6000,Kolding,3,240 l Mr. Fill rest - intillegent,"Tur 20, mandag, ugentlig, mad/rest - LILLEBIL",False,False,240,False,"Borchs gård 7, 6000 Kolding, danmark",55.4894763,9.4726688
Borchs gård 39,6000,Kolding,1,240 l Mr. Fill mad - intillegent,"Tur 20, mandag, ugentlig, mad/rest - LILLEBIL",False,False,240,False,"Borchs gård 39, 6000 Kolding, danmark",55.4895317,9.4735763
Borchs gård 39,6000,Kolding,3,240 l Mr. Fill rest - intillegent,"Tur 20, mandag, ugentlig, mad/rest - LILLEBIL",False,False,240,False,"Borchs gård 39, 6000 Kolding, danmark",55.4895317,9.4735763
Bredgade 15,6000,Kolding,1,"400 l. con, restaffald","Tur 20, mandag, ugentlig, mad/rest - LILLEBIL",False,False,400,False,"Bredgade 15, 6000 Kolding, danmark",55.4885247,9.472363
Bredgade 15,6000,Kolding,1,"140 l. beholder, mad","Tur 20, mandag, ugentlig, mad/rest - LILLEBIL",False,False,140,False,"Bredgade 15, 6000 Kolding, danmark",55.4885247,9.472363
Buen 2,6000,Kolding,1,"660 l. con, restaffald","Tur 20, mandag, ugentlig, mad/rest - LILLEBIL",False,False,660,False,"Buen 2, 6000 Kolding, danmark",55.4896804,9.4779272
Buen 2,6000,Kolding,1,"140 l. beholder, mad","Tur 20, mandag, ugentlig, mad/rest - LILLEBIL",False,False,140,False,"Buen 2, 6000 Kolding, danmark",55.4896804,9.4779272
Buen 2,6000,Kolding,1,"660 l. con, restaffald","Tur 20, mandag, ugentlig, mad/rest - LILLEBIL",False,False,660,False,"Buen 2, 6000 Kolding, danmark",55.4896804,9.4779272
Buen 8,6000,Kolding,1,"660 l. con, restaffald","Tur 20, mandag, ugentlig, mad/rest - LILLEBIL",False,False,660,False,"Buen 8, 6000 Kolding, danmark",55.4894322,9.4783758
Buen 8,6000,Kolding,1,"190 l. beholder, mad","Tur 20, mandag, ugentlig, mad/rest - LILLEBIL",False,False,190,False,"Buen 8, 6000 Kolding, danmark",55.4894322,9.4783758
Buen 8,6000,Kolding,1,"660 l. con, restaffald","Tur 20, mandag, ugentlig, mad/rest - LILLEBIL",False,False,660,False,"Buen 8, 6000 Kolding, danmark",55.4894322,9.4783758
Christian 4 Vej 83,6000,Kolding,1,"2-delt 240 l. beh, r/m-sætte f","Tur 20, mandag, ugentlig, mad/rest - LILLEBIL",True,False,240,False,"Christian 4 Vej 83, 6000 Kolding, danmark",55.4695749,9.4887997
Gråbrødregade 11,6000,Kolding,1,"400 l. con, rest - sætte frem","Tur 20, mandag, ugentlig, mad/rest - LILLEBIL",True,False,400,False,"Gråbrødregade 11, 6000 Kolding, danmark",55.4894572,9.4766331
Gråbrødregade 11,6000,Kolding,1,"140 l beholder, mad - sætter f","Tur 20, mandag, ugentlig, mad/rest - LILLEBIL",True,False,140,False,"Gråbrødregade 11, 6000 Kolding, danmark",55.4894572,9.4766331
Gråbrødregade 15,6000,Kolding,1,"400 l. con, rest - sætte frem","Tur 20, mandag, ugentlig, mad/rest - LILLEBIL",True,False,400,False,"Gråbrødregade 15, 6000 Kolding, danmark",55.48924400000001,9.4765866
Gråbrødregade 15,6000,Kolding,1,"140 l beholder, mad - sætter f","Tur 20, mandag, ugentlig, mad/rest - LILLEBIL",True,False,140,False,"Gråbrødregade 15, 6000 Kolding, danmark",55.48924400000001,9.4765866
Helligkorsgade 4,6000,Kolding,1,"2-delt 370 l. beh, r/m-sætte f","Tur 20, mandag, ulige, mad/rest - LILLEBIL",True,False,370,False,"Helligkorsgade 4, 6000 Kolding, danmark",55.4889235,9.4736631
Helligkorsgade 8,6000,Kolding,1,"130 l. sæk, restaffald","Tur 20, mandag, ulige, mad/rest - LILLEBIL",False,False,130,True,"Helligkorsgade 8, 6000 Kolding, danmark",55.4889078,9.4739061
Helligkorsgade 8,6000,Kolding,1,"90 l. sæk, madaffald","Tur 20, mandag, ulige, mad/rest - LILLEBIL",False,False,90,True,"Helligkorsgade 8, 6000 Kolding, danmark",55.4889078,9.4739061
Helligkorsgade 8,6000,Kolding,1,"130 l. sæk, restaffald erhverv","Tur 20, mandag, ulige, mad/rest - LILLEBIL",False,False,130,True,"Helligkorsgade 8, 6000 Kolding, danmark",55.4889078,9.4739061
Helligkorsgade 8,6000,Kolding,1,"130 l. sæk, restaffald","Tur 20, mandag, ulige, mad/rest - LILLEBIL",False,False,130,True,"Helligkorsgade 8, 6000 Kolding, danmark",55.4889078,9.4739061
Helligkorsgade 8,6000,Kolding,1,"90 l. sæk, madaffald","Tur 20, mandag, ulige, mad/rest - LILLEBIL",False,False,90,True,"Helligkorsgade 8, 6000 Kolding, danmark",55.4889078,9.4739061
Helligkorsgade 9,6000,Kolding,1,"2-delt 240 l. beh, r/m-sætte f","Tur 20, mandag, ulige, mad/rest - LILLEBIL",True,False,240,False,"Helligkorsgade 9, 6000 Kolding, danmark",55.48909159999999,9.4737778
Helligkorsgade 9,6000,Kolding,1,"130 l. sæk, resta - sf erhverv","Tur 20, mandag, ulige, mad/rest - LILLEBIL",False,False,130,True,"Helligkorsgade 9, 6000 Kolding, danmark",55.48909159999999,9.4737778
Helligkorsgade 10,6000,Kolding,1,"2-delt 240 l. beh, r/m-sætte f","Tur 20, mandag, ulige, mad/rest - LILLEBIL",True,False,240,False,"Helligkorsgade 10, 6000 Kolding, danmark",55.4889409,9.4740422
Helligkorsgade 10,6000,Kolding,1,"2-delt 240 l. beh, r/m-sætte f","Tur 20, mandag, ulige, mad/rest - LILLEBIL",True,False,240,False,"Helligkorsgade 10, 6000 Kolding, danmark",55.4889409,9.4740422
Helligkorsgade 12,6000,Kolding,1,"2-delt 370 l. beh, r/m-sætte f","Tur 20, mandag, ugentlig, mad/rest - LILLEBIL",True,False,370,False,"Helligkorsgade 12, 6000 Kolding, danmark",55.48889149999999,9.4743564
Helligkorsgade 14,6000,Kolding,1,"400 l. con, rest - sætte frem","Tur 20, mandag, ugentlig, mad/rest - LILLEBIL",True,False,400,False,"Helligkorsgade 14, 6000 Kolding, danmark",55.48889149999999,9.4743564
Helligkorsgade 14,6000,Kolding,1,"190 l. beholder, mad, sætter f","Tur 20, mandag, ugentlig, mad/rest - LILLEBIL",True,False,190,False,"Helligkorsgade 14, 6000 Kolding, danmark",55.48889149999999,9.4743564
Helligkorsgade 15,6000,Kolding,1,"660 l. con, restaffald","Tur 20, mandag, ulige, mad/rest - LILLEBIL",False,False,660,False,"Helligkorsgade 15, 6000 Kolding, danmark",55.4891672,9.4744887
Helligkorsgade 15,6000,Kolding,1,"240 l. beh, madaffald","Tur 20, mandag, ulige, mad/rest - LILLEBIL",False,False,240,False,"Helligkorsgade 15, 6000 Kolding, danmark",55.4891672,9.4744887
Helligkorsgade 16,6000,Kolding,1,"400 l. con, madaffald","Tur 20, mandag, ulige, mad/rest - LILLEBIL",False,False,400,False,"Helligkorsgade 16, 6000 Kolding, danmark",55.4890299,9.474682
Helligkorsgade 16,6000,Kolding,1,"770 l. con, restaffald","Tur 20, mandag, ulige, mad/rest - LILLEBIL",False,False,770,False,"Helligkorsgade 16, 6000 Kolding, danmark",55.4890299,9.474682
Helligkorsgade 17,6000,Kolding,1,"2-delt 370 l. beh, rest/mad","Tur 20, mandag, ugentlig, mad/rest - LILLEBIL",False,False,370,False,"Helligkorsgade 17, 6000 Kolding, danmark",55.4891531,9.47481
Helligkorsgade 20 B,6000,Kolding,1,"660 l. con, restaffald","Tur 20, mandag, ugentlig, mad/rest - LILLEBIL",False,False,660,False,"Helligkorsgade 20 B, 6000 Kolding, danmark",55.4888081,9.4750168
Helligkorsgade 20 B,6000,Kolding,1,"240 l. beh, madaffald","Tur 20, mandag, ugentlig, mad/rest - LILLEBIL",False,False,240,False,"Helligkorsgade 20 B, 6000 Kolding, danmark",55.4888081,9.4750168
Helligkorsgade 22 A,6000,Kolding,1,"770 l. con, restaffald","Tur 20, mandag, ugentlig, mad/rest - LILLEBIL",False,False,770,False,"Helligkorsgade 22 A, 6000 Kolding, danmark",55.4890554,9.475088
Helligkorsgade 22 A,6000,Kolding,1,"400 l. con, madaffald","Tur 20, mandag, ugentlig, mad/rest - LILLEBIL",False,False,400,False,"Helligkorsgade 22 A, 6000 Kolding, danmark",55.4890554,9.475088
Helligkorsgade 22 A,6000,Kolding,1,"130 l. sæk, restaffald","Tur 20, mandag, ulige, mad/rest - LILLEBIL",False,False,130,True,"Helligkorsgade 22 A, 6000 Kolding, danmark",55.4890554,9.475088
Helligkorsgade 22 A,6000,Kolding,1,"770 l. con, restaffald","Tur 20, mandag, ugentlig, mad/rest - LILLEBIL",False,False,770,False,"Helligkorsgade 22 A, 6000 Kolding, danmark",55.4890554,9.475088
Jernbanegade 1 E,6000,Kolding,1,"400 l. con, rest - sætte frem","Tur 20, mandag, ugentlig, mad/rest - LILLEBIL",True,False,400,False,"Jernbanegade 1 E, 6000 Kolding, danmark",55.4903096,9.474707
Jernbanegade 1 E,6000,Kolding,1,"140 l beholder, mad - sætter f","Tur 20, mandag, ugentlig, mad/rest - LILLEBIL",True,False,140,False,"Jernbanegade 1 E, 6000 Kolding, danmark",55.4903096,9.474707
Jernbanegade 3,6000,Kolding,1,"660 l. con, restaffald","Tur 20, mandag, ugentlig, mad/rest - LILLEBIL",False,False,660,False,"Jernbanegade 3, 6000 Kolding, danmark",55.49032889999999,9.4749972
Jernbanegade 3,6000,Kolding,1,"190 l. beholder, mad","Tur 20, mandag, ugentlig, mad/rest - LILLEBIL",False,False,190,False,"Jernbanegade 3, 6000 Kolding, danmark",55.49032889999999,9.4749972
Jernbanegade 3,6000,Kolding,1,"660 l. con, restaffald","Tur 20, mandag, ugentlig, mad/rest - LILLEBIL",False,False,660,False,"Jernbanegade 3, 6000 Kolding, danmark",55.49032889999999,9.4749972
Jernbanegade 4,6000,Kolding,1,"130 l. sæk, resta - sætte frem","Tur 20, mandag, ugentlig, mad/rest - LILLEBIL",True,False,130,True,"Jernbanegade 4, 6000 Kolding, danmark",55.490128,9.474245
Jernbanegade 4,6000,Kolding,1,"90 l. sæk, mad - sætte frem","Tur 20, mandag, ugentlig, mad/rest - LILLEBIL",True,False,90,True,"Jernbanegade 4, 6000 Kolding, danmark",55.490128,9.474245
Jernbanegade 8,6000,Kolding,1,"2-delt 240 l. beh, r/m-sætte f","Tur 20, mandag, ugentlig, mad/rest - LILLEBIL",True,False,240,False,"Jernbanegade 8, 6000 Kolding, danmark",55.4900786,9.4745658
Jernbanegade 8,6000,Kolding,1,"2-delt 240 l. beh, r/m-sætte f","Tur 20, mandag, ugentlig, mad/rest - LILLEBIL",True,False,240,False,"Jernbanegade 8, 6000 Kolding, danmark",55.4900786,9.4745658
Jernbanegade 17 A,6000,Kolding,1,"660 l. con, restaffald","Tur 20, mandag, ugentlig, mad/rest - LILLEBIL",False,False,660,False,"Jernbanegade 17 A, 6000 Kolding, danmark",55.490142,9.4764493
Jernbanegade 17 A,6000,Kolding,1,"400 l. con, restaffald","Tur 20, mandag, ugentlig, mad/rest - LILLEBIL",False,False,400,False,"Jernbanegade 17 A, 6000 Kolding, danmark",55.490142,9.4764493
Jernbanegade 17 A,6000,Kolding,1,"190 l. beholder, mad","Tur 20, mandag, ugentlig, mad/rest - LILLEBIL",False,False,190,False,"Jernbanegade 17 A, 6000 Kolding, danmark",55.490142,9.4764493
Jernbanegade 19,6000,Kolding,1,"660 l. con, restaffald","Tur 20, mandag og torsdag, mad/rest - LILLEBIL",False,False,660,False,"Jernbanegade 19, 6000 Kolding, danmark",55.4901622,9.4766825
Jernbanegade 19,6000,Kolding,1,"140 l. beholder, mad","Tur 20, mandag og torsdag, mad/rest - LILLEBIL",False,False,140,False,"Jernbanegade 19, 6000 Kolding, danmark",55.4901622,9.4766825
Jernbanegade 20,6000,Kolding,1,"660 l. con, restaffald","Tur 20, mandag, ugentlig, mad/rest - LILLEBIL",False,False,660,False,"Jernbanegade 20, 6000 Kolding, danmark",55.4900093,9.4761071
Jernbanegade 20,6000,Kolding,1,"240 l. beh, madaffald","Tur 20, mandag, ugentlig, mad/rest - LILLEBIL",False,False,240,False,"Jernbanegade 20, 6000 Kolding, danmark",55.4900093,9.4761071
Jernbanegade 20,6000,Kolding,1,"660 l. con, restaffald","Tur 20, mandag, ugentlig, mad/rest - LILLEBIL",False,False,660,False,"Jernbanegade 20, 6000 Kolding, danmark",55.4900093,9.4761071
Jernbanegade 23,6000,Kolding,1,"770 l. con, restaffald","Tur 20, mandag, ugentlig, mad/rest - LILLEBIL",False,False,770,False,"Jernbanegade 23, 6000 Kolding, danmark",55.4901523,9.4771024
Jernbanegade 23,6000,Kolding,1,"240 l. beh, madaffald","Tur 20, mandag, ugentlig, mad/rest - LILLEBIL",False,False,240,False,"Jernbanegade 23, 6000 Kolding, danmark",55.4901523,9.4771024
Jernbanegade 24,6000,Kolding,1,"770 l. con, restaffald","Tur 20, mandag, ugentlig, mad/rest - LILLEBIL",False,False,770,False,"Jernbanegade 24, 6000 Kolding, danmark",55.4899763,9.4765305
Jernbanegade 24,6000,Kolding,1,"400 l. con, madaffald","Tur 20, mandag, ugentlig, mad/rest - LILLEBIL",False,False,400,False,"Jernbanegade 24, 6000 Kolding, danmark",55.4899763,9.4765305
Jernbanegade 24,6000,Kolding,1,"400 l. con, restaffald","Tur 20, mandag, ugentlig, mad/rest - LILLEBIL",False,False,400,False,"Jernbanegade 24, 6000 Kolding, danmark",55.4899763,9.4765305
Jernbanegade 24,6000,Kolding,1,"770 l. con, restaffald","Tur 20, mandag, ugentlig, mad/rest - LILLEBIL",False,False,770,False,"Jernbanegade 24, 6000 Kolding, danmark",55.4899763,9.4765305
Jernbanegade 24,6000,Kolding,1,"770 l. con, restaffald","Tur 20, mandag, ugentlig, mad/rest - LILLEBIL",False,False,770,False,"Jernbanegade 24, 6000 Kolding, danmark",55.4899763,9.4765305
Jernbanegade 24,6000,Kolding,1,"240 l. beh, madaffald","Tur 20, mandag, ugentlig, mad/rest - LILLEBIL",False,False,240,False,"Jernbanegade 24, 6000 Kolding, danmark",55.4899763,9.4765305
Jernbanegade 24,6000,Kolding,1,"770 l. con, restaffald","Tur 20, mandag, ugentlig, mad/rest - LILLEBIL",False,False,770,False,"Jernbanegade 24, 6000 Kolding, danmark",55.4899763,9.4765305
Jernbanegade 32,6000,Kolding,1,"660 l. con, restaffald","Tur 20, mandag, ugentlig, mad/rest - LILLEBIL",False,False,660,False,"Jernbanegade 32, 6000 Kolding, danmark",55.4898529,9.4774626
Jernbanegade 32,6000,Kolding,1,"400 l. con, restaffald","Tur 20, mandag, ugentlig, mad/rest - LILLEBIL",False,False,400,False,"Jernbanegade 32, 6000 Kolding, danmark",55.4898529,9.4774626
Jernbanegade 32,6000,Kolding,1,"190 l. beholder, mad","Tur 20, mandag, ugentlig, mad/rest - LILLEBIL",False,False,190,False,"Jernbanegade 32, 6000 Kolding, danmark",55.4898529,9.4774626
Klostergade 2,6000,Kolding,1,"2-delt 240 l. beh, rest/mad","Tur 20, mandag, ulige, mad/rest - LILLEBIL",False,False,240,False,"Klostergade 2, 6000 Kolding, danmark",55.4889549,9.4755318
Klostergade 3,6000,Kolding,1,"130 l. sæk, resta - sætte frem","Tur 20, mandag, ugentlig, mad/rest - LILLEBIL",True,False,130,True,"Klostergade 3, 6000 Kolding, danmark",55.489207,9.475278
Klostergade 3,6000,Kolding,1,"90 l. sæk, mad - sætte frem","Tur 20, mandag, ugentlig, mad/rest - LILLEBIL",True,False,90,True,"Klostergade 3, 6000 Kolding, danmark",55.489207,9.475278
Klostergade 5,6000,Kolding,1,"2-delt 240 l. beh, rest/mad","Tur 20, mandag, ulige, mad/rest - LILLEBIL",False,False,240,False,"Klostergade 5, 6000 Kolding, danmark",55.48920589999999,9.4754346
Klostergade 6,6000,Kolding,1,"660 l. con, restaffald","Tur 20, mandag, ulige, mad/rest - LILLEBIL",False,False,660,False,"Klostergade 6, 6000 Kolding, danmark",55.489021,9.4758041
Klostergade 6,6000,Kolding,1,"140 l. beholder, mad","Tur 20, mandag, ulige, mad/rest - LILLEBIL",False,False,140,False,"Klostergade 6, 6000 Kolding, danmark",55.489021,9.4758041
Klostergade 12,6000,Kolding,1,"130 l. sæk, restaffald","Tur 20, mandag, ugentlig, mad/rest - LILLEBIL",False,False,130,True,"Klostergade 12, 6000 Kolding, danmark",55.4890233,9.4760534
Klostergade 12,6000,Kolding,1,"90 l. sæk, madaffald","Tur 20, mandag, ugentlig, mad/rest - LILLEBIL",False,False,90,True,"Klostergade 12, 6000 Kolding, danmark",55.4890233,9.4760534
Klostergade 14,6000,Kolding,1,"130 l. sæk, restaffald","Tur 20, mandag, ulige, mad/rest - LILLEBIL",False,False,130,True,"Klostergade 14, 6000 Kolding, danmark",55.4889928,9.476167
Klostergade 14,6000,Kolding,1,"90 l. sæk, madaffald","Tur 20, mandag, ulige, mad/rest - LILLEBIL",False,False,90,True,"Klostergade 14, 6000 Kolding, danmark",55.4889928,9.476167
Klostergade 16,6000,Kolding,1,"400 l. con, madaffald","Tur 20, mandag og torsdag, mad/rest - LILLEBIL",False,False,400,False,"Klostergade 16, 6000 Kolding, danmark",55.4889692,9.4764694
Klostergade 16,6000,Kolding,1,"400 l. con, madaffald","Tur 20, mandag og torsdag, mad/rest - LILLEBIL",False,False,400,False,"Klostergade 16, 6000 Kolding, danmark",55.4889692,9.4764694
Klostergade 16,6000,Kolding,1,"660 l. con, restaffald","Tur 20, mandag og torsdag, mad/rest - LILLEBIL",False,False,660,False,"Klostergade 16, 6000 Kolding, danmark",55.4889692,9.4764694
Klostergade 16,6000,Kolding,1,"660 l. con, restaffald","Tur 20, mandag og torsdag, mad/rest - LILLEBIL",False,False,660,False,"Klostergade 16, 6000 Kolding, danmark",55.4889692,9.4764694
Klostergade 16,6000,Kolding,1,"660 l. con, restaffald","Tur 20, mandag og torsdag, mad/rest - LILLEBIL",False,False,660,False,"Klostergade 16, 6000 Kolding, danmark",55.4889692,9.4764694
Klostergade 16,6000,Kolding,1,"660 l. con, restaffald","Tur 20, mandag og torsdag, mad/rest - LILLEBIL",False,False,660,False,"Klostergade 16, 6000 Kolding, danmark",55.4889692,9.4764694
Klostergade 16,6000,Kolding,1,"660 l. con, restaffald","Tur 20, mandag og torsdag, mad/rest - LILLEBIL",False,False,660,False,"Klostergade 16, 6000 Kolding, danmark",55.4889692,9.4764694
Klostergade 16,6000,Kolding,1,"660 l. con, restaffald","Tur 20, mandag og torsdag, mad/rest - LILLEBIL",False,False,660,False,"Klostergade 16, 6000 Kolding, danmark",55.4889692,9.4764694
Klostergade 19,6000,Kolding,1,"2-delt 240 l. beh, rest/mad","Tur 20, mandag, ulige, mad/rest - LILLEBIL",False,False,240,False,"Klostergade 19, 6000 Kolding, danmark",55.4891203,9.4767721
Klostergade 60,6000,Kolding,1,"770 l. con, rest - sætte frem","Tur 20, mandag, ugentlig, mad/rest - LILLEBIL",True,False,770,False,"Klostergade 60, 6000 Kolding, danmark",55.48887449999999,9.477643
Klostergade 60,6000,Kolding,1,"400 l. con, mad - sætte frem","Tur 20, mandag, ugentlig, mad/rest - LILLEBIL",True,False,400,False,"Klostergade 60, 6000 Kolding, danmark",55.48887449999999,9.477643
Klostergade 60,6000,Kolding,1,"400 l. con, rest - sætte frem","Tur 20, mandag, ugentlig, mad/rest - LILLEBIL",True,False,400,False,"Klostergade 60, 6000 Kolding, danmark",55.48887449999999,9.477643
Klostergade 60,6000,Kolding,1,"770 l. con, rest - sætte frem","Tur 20, mandag, ugentlig, mad/rest - LILLEBIL",True,False,770,False,"Klostergade 60, 6000 Kolding, danmark",55.48887449999999,9.477643
Lilletorv 2,6000,Kolding,1,"660 l. con, rest, med lås","Tur 20, mandag, ugentlig, mad/rest - LILLEBIL",False,True,660,False,"Lilletorv 2, 6000 Kolding, danmark",55.489721,9.474746
Lilletorv 2,6000,Kolding,1,"660 l. con, rest, med lås","Tur 20, mandag, ugentlig, mad/rest - LILLEBIL",False,True,660,False,"Lilletorv 2, 6000 Kolding, danmark",55.489721,9.474746
Lilletorv 2,6000,Kolding,1,"400 l. con, mad, med lås","Tur 20, mandag, ugentlig, mad/rest - LILLEBIL",False,True,400,False,"Lilletorv 2, 6000 Kolding, danmark",55.489721,9.474746
Munkegade 4,6000,Kolding,1,"240 l. beh, restaffald","Tur 20, mandag, ugentlig, mad/rest - LILLEBIL",False,False,240,False,"Munkegade 4, 6000 Kolding, danmark",55.489163,9.4779065
Munkegade 4,6000,Kolding,1,"770 l. con, restaffald","Tur 20, mandag, ugentlig, mad/rest - LILLEBIL",False,False,770,False,"Munkegade 4, 6000 Kolding, danmark",55.489163,9.4779065
Munkegade 4,6000,Kolding,1,"400 l. con, madaffald","Tur 20, mandag, ugentlig, mad/rest - LILLEBIL",False,False,400,False,"Munkegade 4, 6000 Kolding, danmark",55.489163,9.4779065
Munkegade 4,6000,Kolding,1,"770 l. con, restaffald","Tur 20, mandag, ugentlig, mad/rest - LILLEBIL",False,False,770,False,"Munkegade 4, 6000 Kolding, danmark",55.489163,9.4779065
Munkegade 4,6000,Kolding,1,"770 l. con, restaffald","Tur 20, mandag, ugentlig, mad/rest - LILLEBIL",False,False,770,False,"Munkegade 4, 6000 Kolding, danmark",55.489163,9.4779065
Munkegade 5 A,6000,Kolding,1,"660 l. con, rest - sætte frem","Tur 20, mandag, ugentlig, mad/rest - LILLEBIL",True,False,660,False,"Munkegade 5 A, 6000 Kolding, danmark",55.4896115,9.4774762
Munkegade 5 A,6000,Kolding,1,"190 l. beholder, mad, sætter f","Tur 20, mandag, ugentlig, mad/rest - LILLEBIL",True,False,190,False,"Munkegade 5 A, 6000 Kolding, danmark",55.4896115,9.4774762
Munkegade 7 A,6000,Kolding,1,"660 l. con, restaffald","Tur 20, mandag, ugentlig, mad/rest - LILLEBIL",False,False,660,False,"Munkegade 7 A, 6000 Kolding, danmark",55.4897382,9.4775045
Munkegade 7 A,6000,Kolding,1,"190 l. beholder, mad","Tur 20, mandag, ugentlig, mad/rest - LILLEBIL",False,False,190,False,"Munkegade 7 A, 6000 Kolding, danmark",55.4897382,9.4775045
Rendebanen 6 A,6000,Kolding,1,"660 l. con, rest - sætte frem","Tur 20, mandag, ugentlig, mad/rest - LILLEBIL",True,False,660,False,"Rendebanen 6 A, 6000 Kolding, danmark",55.4890832,9.4714837
Rendebanen 6 A,6000,Kolding,1,"400 l. con, rest - sætte frem","Tur 20, mandag, ugentlig, mad/rest - LILLEBIL",True,False,400,False,"Rendebanen 6 A, 6000 Kolding, danmark",55.4890832,9.4714837
Rendebanen 6 A,6000,Kolding,1,"190 l. beholder, mad, sætter f","Tur 20, mandag, ugentlig, mad/rest - LILLEBIL",True,False,190,False,"Rendebanen 6 A, 6000 Kolding, danmark",55.4890832,9.4714837
Rendebanen 8 A,6000,Kolding,1,"660 l. con, rest - sætte frem","Tur 20, mandag, ulige, mad/rest - LILLEBIL",True,False,660,False,"Rendebanen 8 A, 6000 Kolding, danmark",55.4890547,9.4715676
Rendebanen 8 A,6000,Kolding,1,"400 l. con, mad - sætte frem","Tur 20, mandag, ulige, mad/rest - LILLEBIL",True,False,400,False,"Rendebanen 8 A, 6000 Kolding, danmark",55.4890547,9.4715676
Rendebanen 8 A,6000,Kolding,1,"660 l. con, rest - sætte frem","Tur 20, mandag, ulige, mad/rest - LILLEBIL",True,False,660,False,"Rendebanen 8 A, 6000 Kolding, danmark",55.4890547,9.4715676
Slotsgade 11,6000,Kolding,1,"660 l. con, rest - sætte frem","Tur 20, mandag, ulige, mad/rest - LILLEBIL",True,False,660,False,"Slotsgade 11, 6000 Kolding, danmark",55.4898473,9.4752913
Slotsgade 11,6000,Kolding,1,"240 l. beh, mad - sætte frem","Tur 20, mandag, ulige, mad/rest - LILLEBIL",True,False,240,False,"Slotsgade 11, 6000 Kolding, danmark",55.4898473,9.4752913
Slotsgade 13,6000,Kolding,1,"2-delt 240 l. beh, rest/mad","Tur 20, mandag, ulige, mad/rest - LILLEBIL",False,False,240,False,"Slotsgade 13, 6000 Kolding, danmark",55.489793,9.4752874
Slotsgade 19,6000,Kolding,1,"660 l. con, restaffald","Tur 20, mandag, ulige, mad/rest - LILLEBIL",False,False,660,False,"Slotsgade 19, 6000 Kolding, danmark",55.4894554,9.4752755
Slotsgade 19,6000,Kolding,1,"400 l. con, madaffald","Tur 20, mandag, ulige, mad/rest - LILLEBIL",False,False,400,False,"Slotsgade 19, 6000 Kolding, danmark",55.4894554,9.4752755
Slotsgade 19,6000,Kolding,1,"660 l. con, restaffald","Tur 20, mandag, ulige, mad/rest - LILLEBIL",False,False,660,False,"Slotsgade 19, 6000 Kolding, danmark",55.4894554,9.4752755
Slotsgade 21,6000,Kolding,1,"400 l. con, restaffald","Tur 20, mandag, ugentlig, mad/rest - LILLEBIL",False,False,400,False,"Slotsgade 21, 6000 Kolding, danmark",55.489289,9.475153
Slotsgade 21,6000,Kolding,1,"190 l. beholder, mad","Tur 20, mandag, ugentlig, mad/rest - LILLEBIL",False,False,190,False,"Slotsgade 21, 6000 Kolding, danmark",55.489289,9.475153
Slotsgade 22,6000,Kolding,1,"400 l. con, madaffald","Tur 20, mandag, ugentlig, mad/rest - LILLEBIL",False,False,400,False,"Slotsgade 22, 6000 Kolding, danmark",55.489289,9.474931
Slotsgade 22,6000,Kolding,1,"400 l. con, restaffald","Tur 20, mandag, ugentlig, mad/rest - LILLEBIL",False,False,400,False,"Slotsgade 22, 6000 Kolding, danmark",55.489289,9.474931
Slotsgade 22,6000,Kolding,1,"770 l. con, restaffald","Tur 20, mandag, ugentlig, mad/rest - LILLEBIL",False,False,770,False,"Slotsgade 22, 6000 Kolding, danmark",55.489289,9.474931
Søndergade 1 A,6000,Kolding,1,"660 l. con, restaffald","Tur 20, mandag og torsdag, mad/rest - LILLEBIL",False,False,660,False,"Søndergade 1 A, 6000 Kolding, danmark",55.4888114,9.4730303
Søndergade 1 A,6000,Kolding,1,"140 l. beholder, mad","Tur 20, mandag og torsdag, mad/rest - LILLEBIL",False,False,140,False,"Søndergade 1 A, 6000 Kolding, danmark",55.4888114,9.4730303
Søndergade 2,6000,Kolding,1,"130 l. sæk, resta - sætte frem","Tur 20, mandag, ulige, mad/rest - LILLEBIL",True,False,130,True,"Søndergade 2, 6000 Kolding, danmark",55.488775,9.4727943
Søndergade 2,6000,Kolding,1,"130 l. sæk, resta - sætte frem","Tur 20, mandag, ulige, mad/rest - LILLEBIL",True,False,130,True,"Søndergade 2, 6000 Kolding, danmark",55.488775,9.4727943
Søndergade 2,6000,Kolding,1,"130 l. sæk, resta - sætte frem","Tur 20, mandag, ulige, mad/rest - LILLEBIL",True,False,130,True,"Søndergade 2, 6000 Kolding, danmark",55.488775,9.4727943
Søndergade 2,6000,Kolding,1,"90 l. sæk, mad - sætte frem","Tur 20, mandag, ulige, mad/rest - LILLEBIL",True,False,90,True,"Søndergade 2, 6000 Kolding, danmark",55.488775,9.4727943
Søndergade 2,6000,Kolding,1,"90 l. sæk, mad - sætte frem","Tur 20, mandag, ulige, mad/rest - LILLEBIL",True,False,90,True,"Søndergade 2, 6000 Kolding, danmark",55.488775,9.4727943
Søndergade 2,6000,Kolding,1,"90 l. sæk, mad - sætte frem","Tur 20, mandag, ulige, mad/rest - LILLEBIL",True,False,90,True,"Søndergade 2, 6000 Kolding, danmark",55.488775,9.4727943
Søndergade 4,6000,Kolding,1,"2-delt 240 l. beh, r/m-sætte f","Tur 20, mandag, ulige, mad/rest - LILLEBIL",True,False,240,False,"Søndergade 4, 6000 Kolding, danmark",55.48868040000001,9.4727784
Søndergade 6,6000,Kolding,1,"660 l. con, restaffald","Tur 20, mandag, ulige, mad/rest - LILLEBIL",False,False,660,False,"Søndergade 6, 6000 Kolding, danmark",55.48857899999999,9.472754
Søndergade 6,6000,Kolding,1,"400 l. con, madaffald","Tur 20, mandag, ulige, mad/rest - LILLEBIL",False,False,400,False,"Søndergade 6, 6000 Kolding, danmark",55.48857899999999,9.472754
Søndergade 6,6000,Kolding,1,"660 l. con, restaffald","Tur 20, mandag, ulige, mad/rest - LILLEBIL",False,False,660,False,"Søndergade 6, 6000 Kolding, danmark",55.48857899999999,9.472754
Søndergade 8,6000,Kolding,1,"2-delt 370 l. beh, rest/mad","Tur 20, mandag, ugentlig, mad/rest - LILLEBIL",False,False,370,False,"Søndergade 8, 6000 Kolding, danmark",55.4883784,9.4728391
Søndergade 10 A,6000,Kolding,1,"660 l. con, rest - sætte frem","Tur 20, mandag, ugentlig, mad/rest - LILLEBIL",True,False,660,False,"Søndergade 10 A, 6000 Kolding, danmark",55.488193,9.47275
Søndergade 10 A,6000,Kolding,1,"140 l beholder, mad - sætter f","Tur 20, mandag, ugentlig, mad/rest - LILLEBIL",True,False,140,False,"Søndergade 10 A, 6000 Kolding, danmark",55.488193,9.47275
Søndergade 12,6000,Kolding,1,"770 l. con, restaffald","Tur 20, mandag, ugentlig, mad/rest - LILLEBIL",False,False,770,False,"Søndergade 12, 6000 Kolding, danmark",55.4875999,9.472635
Søndergade 12,6000,Kolding,1,"400 l. con, madaffald","Tur 20, mandag, ugentlig, mad/rest - LILLEBIL",False,False,400,False,"Søndergade 12, 6000 Kolding, danmark",55.4875999,9.472635
Søndergade 12,6000,Kolding,1,"770 l. con, restaffald","Tur 20, mandag, ugentlig, mad/rest - LILLEBIL",False,False,770,False,"Søndergade 12, 6000 Kolding, danmark",55.4875999,9.472635
Søndergade 12,6000,Kolding,1,"770 l. con, restaffald","Tur 20, mandag, ugentlig, mad/rest - LILLEBIL",False,False,770,False,"Søndergade 12, 6000 Kolding, danmark",55.4875999,9.472635
Søndergade 12,6000,Kolding,1,"770 l. con, restaffald","Tur 20, mandag, ugentlig, mad/rest - LILLEBIL",False,False,770,False,"Søndergade 12, 6000 Kolding, danmark",55.4875999,9.472635
Søndergade 13 C,6000,Kolding,1,"2-delt 370 l. beh, rest/mad","Tur 20, mandag, ulige, mad/rest - LILLEBIL",False,False,370,False,"Søndergade 13 C, 6000 Kolding, danmark",55.4873756,9.4729842
Søndergade 15 A,6000,Kolding,1,"400 l. con, restaffald","Tur 20, mandag, ugentlig, mad/rest - LILLEBIL",False,False,400,False,"Søndergade 15 A, 6000 Kolding, danmark",55.4872898,9.4729008
Søndergade 15 A,6000,Kolding,1,"190 l. beholder, mad","Tur 20, mandag, ugentlig, mad/rest - LILLEBIL",False,False,190,False,"Søndergade 15 A, 6000 Kolding, danmark",55.4872898,9.4729008
Søndergade 17,6000,Kolding,1,"2-delt 240 l. beh, r/m-sætte f","Tur 20, mandag, ulige, mad/rest - LILLEBIL",True,False,240,False,"Søndergade 17, 6000 Kolding, danmark",55.4871814,9.4729241
Søndergade 17,6000,Kolding,1,"2-delt 240 l. beh, r/m-sætte f","Tur 20, mandag, ulige, mad/rest - LILLEBIL",True,False,240,False,"Søndergade 17, 6000 Kolding, danmark",55.4871814,9.4729241
Søndergade 19,6000,Kolding,1,"2-delt 240 l. beh, rest/mad","Tur 20, mandag, ulige, mad/rest - LILLEBIL",False,False,240,False,"Søndergade 19, 6000 Kolding, danmark",55.4871177,9.4729013
Søndergade 21,6000,Kolding,1,"2-delt 240 l. beh, r/m-sætte f","Tur 20, mandag, ugentlig, mad/rest - LILLEBIL",True,False,240,False,"Søndergade 21, 6000 Kolding, danmark",55.4870657,9.4728672
Søndergade 23,6000,Kolding,1,"2-delt 240 l. beh, r/m-sætte f","Tur 20, mandag, ulige, mad/rest - LILLEBIL",True,False,240,False,"Søndergade 23, 6000 Kolding, danmark",55.4869807,9.4728369
Søndergade 23,6000,Kolding,1,"2-delt 240 l. beh, r/m-sætte f","Tur 20, mandag, ulige, mad/rest - LILLEBIL",True,False,240,False,"Søndergade 23, 6000 Kolding, danmark",55.4869807,9.4728369
Søndergade 23,6000,Kolding,1,"2-delt 240 l. beh, r/m-sætte f","Tur 20, mandag, ulige, mad/rest - LILLEBIL",True,False,240,False,"Søndergade 23, 6000 Kolding, danmark",55.4869807,9.4728369
Søndergade 25,6000,Kolding,1,"2-delt 240 l. beh, rest/mad","Tur 20, mandag, ulige, mad/rest - LILLEBIL",False,False,240,False,"Søndergade 25, 6000 Kolding, danmark",55.4868957,9.4728065
Søndergade 25,6000,Kolding,1,"2-delt 240 l. beh, rest/mad","Tur 20, mandag, ulige, mad/rest - LILLEBIL",False,False,240,False,"Søndergade 25, 6000 Kolding, danmark",55.4868957,9.4728065
Søndergade 27,6000,Kolding,1,"660 l. con, rest, med lås","Tur 20, mandag, ugentlig, mad/rest - LILLEBIL",False,True,660,False,"Søndergade 27, 6000 Kolding, danmark",55.4868107,9.4727761
Søndergade 27,6000,Kolding,1,"190 l. beh, mad, med lås","Tur 20, mandag, ugentlig, mad/rest - LILLEBIL",False,True,190,False,"Søndergade 27, 6000 Kolding, danmark",55.4868107,9.4727761
Søndergade 27 A,6000,Kolding,1,"2-delt 370 l. beh, rest/mad","Tur 20, mandag, ugentlig, mad/rest - LILLEBIL",False,False,370,False,"Søndergade 27 A, 6000 Kolding, danmark",55.4866928,9.4737285
Søndergade 29,6000,Kolding,1,"660 con, rest - m lås sætte f","Tur 20, mandag, ugentlig, mad/rest - LILLEBIL",True,True,660,False,"Søndergade 29, 6000 Kolding, danmark",55.4867257,9.4727457
Søndergade 29,6000,Kolding,1,"240 l. beh, mad, med lås, SF","Tur 20, mandag, ugentlig, mad/rest - LILLEBIL",False,True,240,False,"Søndergade 29, 6000 Kolding, danmark",55.4867257,9.4727457
Søndergade 32 A,6000,Kolding,1,"660 l. con, restaffald","Tur 20, mandag, ugentlig, mad/rest - LILLEBIL",False,False,660,False,"Søndergade 32 A, 6000 Kolding, danmark",55.4866982,9.472367
Søndergade 32 A,6000,Kolding,1,"660 l. con, restaffald","Tur 20, mandag, ugentlig, mad/rest - LILLEBIL",False,False,660,False,"Søndergade 32 A, 6000 Kolding, danmark",55.4866982,9.472367
Søndergade 32 A,6000,Kolding,1,"140 l. beholder, mad","Tur 20, mandag, ugentlig, mad/rest - LILLEBIL",False,False,140,False,"Søndergade 32 A, 6000 Kolding, danmark",55.4866982,9.472367
Østergade 7,6000,Kolding,1,"2-delt 240 l. beh, rest/mad","Tur 20, mandag, ugentlig, mad/rest - LILLEBIL",False,False,240,False,"Østergade 7, 6000 Kolding, danmark",55.4898573,9.4741354
Østergade 11,6000,Kolding,1,"2-delt 240 l. beh, rest/mad","Tur 20, mandag, ugentlig, mad/rest - LILLEBIL",False,False,240,False,"Østergade 11, 6000 Kolding, danmark",55.4897066,9.4743662
Østergade 17,6000,Kolding,1,"130 l. sæk, resta - sætte frem","Tur 20, mandag, ugentlig, mad/rest - LILLEBIL",True,False,130,True,"Østergade 17, 6000 Kolding, danmark",55.4894364,9.4743984
Østergade 17,6000,Kolding,1,"90 l. sæk, mad - sætte frem","Tur 20, mandag, ugentlig, mad/rest - LILLEBIL",True,False,90,True,"Østergade 17, 6000 Kolding, danmark",55.4894364,9.4743984
Østergade 17,6000,Kolding,1,"130 l. sæk, resta - sætte frem","Tur 20, mandag, ugentlig, mad/rest - LILLEBIL",True,False,130,True,"Østergade 17, 6000 Kolding, danmark",55.4894364,9.4743984
Østergade 17,6000,Kolding,1,"90 l. sæk, mad - sætte frem","Tur 20, mandag, ugentlig, mad/rest - LILLEBIL",True,False,90,True,"Østergade 17, 6000 Kolding, danmark",55.4894364,9.4743984
